,cp_AMA,0,1
pi152651,0.0,0/0,./.
pi17548,0.0,0/0,0/0
pi24969,1.775,0/0,./.
pi329435,1.775,0/0,./.
pi329440,4.4,0/0,0/0
pi34911,1.775,0/0,0/0
pi35038,0.0,0/0,./.
pi48770,0.0,0/0,./.
pi533750,1.775,0/0,0/0
pi533752,0.0,0/0,0/0
pi533754,0.0,0/0,./.
pi533755,0.0,0/0,./.
pi533757,0.0,0/0,./.
pi533758,0.0,0/0,0/0
pi533759,0.0,0/0,0/0
pi533760,1.775,0/0,./.
pi533761,0.0,0/0,./.
pi533762,3.55,0/0,0/0
pi533766,0.0,0/0,0/0
pi533769,0.0,0/0,0/0
pi533776,0.0,0/0,0/0
pi533785,1.775,0/0,./.
pi533788,0.0,0/0,./.
pi533789,0.0,0/0,./.
pi533792,0.0,0/0,./.
pi533794,0.0,0/0,./.
pi533799,1.775,0/0,0/0
pi533800,0.0,0/0,./.
pi533807,0.0,0/0,0/0
pi533810,0.0,0/0,0/0
pi533814,0.0,0/0,0/0
pi533821,0.0,0/0,./.
pi533822,1.775,0/0,./.
pi533824,0.0,0/0,./.
pi533830,0.0,0/0,./.
pi533831,1.775,0/0,./.
pi533833,0.0,0/0,0/0
pi533839,0.0,1/1,./.
pi533841,0.0,0/0,0/0
pi533842,0.0,0/0,0/0
pi533843,0.0,0/0,0/0
pi533852,1.775,0/0,./.
pi533855,0.0,0/0,0/0
pi533856,0.0,0/0,0/0
pi533863,0.0,0/0,./.
pi533866,1.775,0/0,0/0
pi533869,8.25,1/1,1/1
pi533871,8.425,0/0,0/0
pi533876,0.0,0/0,./.
pi533877,0.0,0/0,./.
pi533878,0.0,0/0,0/0
pi533882,0.0,0/0,0/0
pi533901,0.0,0/0,0/0
pi533902,0.0,0/0,./.
pi533903,0.0,0/0,0/0
pi533910,1.775,0/0,0/0
pi533911,0.0,0/0,0/0
pi533912,0.0,0/0,0/0
pi533913,0.0,0/0,./.
pi533915,0.0,1/1,./.
pi533919,0.0,0/0,0/0
pi533924,0.0,1/1,0/0
pi533927,0.0,0/0,1/1
pi533936,0.0,0/0,0/0
pi533937,0.0,0/0,./.
pi533938,0.0,0/0,0/0
pi533939,0.0,0/0,./.
pi533940,6.175,0/0,./.
pi533943,0.0,0/0,./.
pi533948,8.625,0/0,0/0
pi533949,0.0,0/0,0/0
pi533954,0.0,0/0,./.
pi533955,0.0,0/0,./.
pi533956,0.0,0/0,0/0
pi533957,0.0,0/0,./.
pi533961,0.0,0/0,0/0
pi533962,0.0,0/0,0/0
pi533964,0.0,0/0,0/0
pi533965,0.0,0/0,0/0
pi533967,0.0,0/0,0/0
pi533970,0.0,0/0,./.
pi533972,0.0,0/0,0/0
pi533976,0.0,0/0,0/0
pi533979,5.875,0/0,./.
pi533980,1.775,0/0,./.
pi533985,1.775,0/0,0/0
pi533986,1.775,0/0,0/0
pi533987,0.0,0/0,0/0
pi533989,0.0,0/0,./.
pi533991,0.0,0/0,0/0
pi533996,0.0,0/0,0/0
pi533997,0.0,0/0,0/0
pi534009,0.0,0/0,0/0
pi534021,0.0,0/0,0/0
pi534028,0.0,0/0,0/0
pi534037,0.0,0/0,1/1
pi534046,1.775,0/0,./.
pi534053,4.025,0/0,1/1
pi534054,0.0,0/0,./.
pi534063,0.0,0/0,./.
pi534070,0.0,./.,./.
pi534075,1.775,0/0,./.
pi534079,0.0,0/0,0/0
pi534088,0.0,0/0,0/0
pi534092,1.775,0/0,0/0
pi534096,0.0,1/1,0/0
pi534097,0.0,./.,./.
pi534099,0.0,./.,0/0
pi534101,0.0,0/0,0/0
pi534105,0.0,0/0,0/0
pi534108,1.775,0/0,0/0
pi534112,0.0,0/0,./.
pi534114,5.375,1/1,./.
pi534115,8.2,1/1,0/0
pi534116,0.0,0/0,0/0
pi534117,0.0,0/0,./.
pi534123,0.0,0/0,0/0
pi534124,0.0,0/0,./.
pi534127,0.0,0/0,./.
pi534128,0.0,0/0,0/0
pi534132,0.0,0/0,./.
pi534133,1.775,0/0,0/0
pi534135,1.775,0/0,./.
pi534137,0.0,0/0,0/0
pi534144,0.0,0/0,./.
pi534145,0.0,0/0,0/0
pi534148,0.0,0/0,./.
pi534155,0.0,0/0,0/0
pi534157,0.0,0/0,0/0
pi534163,0.0,0/0,./.
pi534167,0.0,0/0,./.
pi542406,7.25,1/1,0/0
pi542718,0.0,0/0,0/0
pi548797,0.0,0/0,./.
pi552856,0.0,0/0,./.
pi552861,0.0,0/0,0/0
pi561071,0.0,0/0,0/0
pi561072,0.0,0/0,./.
pi561073,0.0,0/0,./.
pi561472,0.0,0/0,0/0
pi564163,1.775,0/0,0/0
pi564164,0.0,0/0,./.
pi564165,0.0,0/0,./.
pi566819,3.55,0/0,0/0
pi576130,0.0,0/0,./.
pi576332,0.0,0/0,./.
pi576333,0.0,0/0,./.
pi576339,0.0,0/0,./.
pi576340,0.0,0/0,./.
pi576345,0.0,0/0,0/0
pi576347,0.0,0/0,./.
pi576348,0.0,1/1,0/0
pi576349,0.0,1/1,./.
pi576350,0.0,1/1,0/0
pi576352,0.0,0/0,0/0
pi576359,0.0,0/0,0/0
pi576364,0.0,0/0,./.
pi576373,1.775,0/0,./.
pi576375,1.775,0/0,./.
pi576376,3.55,0/0,./.
pi576380,0.0,./.,./.
pi576381,0.0,0/0,0/0
pi576385,0.0,0/0,./.
pi576386,0.0,0/0,0/0
pi576387,0.0,0/0,0/0
pi576390,0.0,0/0,./.
pi576391,0.0,0/0,0/0
pi576393,5.975,0/0,0/0
pi576394,0.0,0/0,0/0
pi576396,0.0,0/0,0/0
pi576399,1.775,0/0,./.
pi576401,0.0,0/0,./.
pi576418,0.0,0/0,./.
pi576422,0.0,0/0,0/0
pi576425,0.0,./.,0/0
pi576426,1.775,0/0,0/0
pi576428,0.0,0/0,0/0
pi576434,0.0,0/0,0/0
pi576435,0.0,0/0,0/0
pi576437,0.0,0/0,./.
pi585291,0.0,0/0,0/0
pi585295,1.775,0/0,0/0
pi595699,0.0,0/0,0/0
pi595702,0.0,0/0,./.
pi595714,0.0,0/0,0/0
pi595718,0.0,0/0,0/0
pi595720,0.0,0/0,0/0
pi595739,9.4,0/0,./.
pi595740,3.55,./.,0/0
pi595741,0.0,0/0,0/0
pi595743,1.775,0/0,0/0
pi595744,0.0,0/0,./.
pi597945,3.55,0/0,1/1
pi597946,0.0,0/0,0/0
pi597949,0.0,0/0,0/0
pi597950,0.0,0/0,0/0
pi597951,1.775,0/0,./.
pi597952,1.775,0/0,1/1
pi597957,6.075,0/0,0/0
pi597958,1.775,0/0,./.
pi597960,0.0,0/0,./.
pi597964,0.0,0/0,0/0
pi597965,0.0,0/0,0/0
pi597966,0.0,0/0,0/0
pi597968,0.0,0/0,./.
pi597972,5.925,0/0,./.
pi597973,0.0,0/0,./.
pi597976,1.775,0/0,0/0
pi597980,0.0,0/0,0/0
pi597982,0.0,0/0,./.
pi598069,3.55,1/1,./.
pi598070,0.0,1/1,./.
pi601816,0.0,0/0,./.
pi607931,0.687096774,0/0,0/0
pi613536,0.0,0/0,0/0
pi629034,1.775,0/0,./.
pi629040,0.0,0/0,0/0
pi629059,0.0,0/0,0/0
pi641836,5.725,0/0,0/0
pi641849,0.0,0/0,./.
pi641874,0.0,0/0,./.
pi642791,0.0,0/0,0/0
pi642992,0.0,0/0,0/0
pi642998,7.725,1/1,1/1
pi651496,0.0,0/0,./.
pi653616,0.0,0/0,0/0
pi653617,0.0,1/1,0/0
pi655970,1.775,0/0,./.
pi655972,0.0,0/0,./.
pi655973,1.775,0/0,./.
pi655974,0.0,0/0,0/0
pi655975,0.0,0/0,./.
pi655976,0.0,0/0,./.
pi655977,1.775,0/0,0/0
pi655978,0.0,0/0,./.
pi655979,0.0,0/0,0/0
pi655980,8.15,1/1,./.
pi655982,1.775,0/0,./.
pi655983,7.825,0/0,./.
pi655984,1.775,0/0,./.
pi655985,1.775,0/0,./.
pi655986,0.0,0/0,0/0
pi655987,0.0,0/0,0/0
pi655988,0.0,0/0,./.
pi655989,1.775,0/0,./.
pi655990,1.775,0/0,./.
pi655991,0.0,0/0,./.
pi655992,0.0,0/0,./.
pi655993,1.775,0/0,./.
pi655994,0.0,0/0,0/0
pi655995,8.99,1/1,1/1
pi655996,0.0,0/0,0/0
pi655997,0.0,0/0,0/0
pi655998,1.775,0/0,./.
pi655999,0.0,1/1,0/0
pi656000,0.0,0/0,0/0
pi656001,1.775,0/0,./.
pi656002,0.0,0/0,./.
pi656003,3.55,0/0,./.
pi656004,0.0,0/0,0/0
pi656005,0.0,0/0,./.
pi656006,0.0,0/0,./.
pi656007,3.55,0/0,0/0
pi656008,0.0,0/0,0/1
pi656009,1.775,0/0,./.
pi656010,0.0,0/0,./.
pi656011,0.0,0/0,0/0
pi656012,0.0,0/0,./.
pi656013,0.0,./.,0/0
pi656014,7.34,1/1,1/1
pi656015,0.0,0/0,./.
pi656016,0.0,0/0,0/0
pi656017,0.0,0/0,./.
pi656019,1.775,0/0,./.
pi656021,3.55,0/0,./.
pi656022,1.775,0/0,./.
pi656023,0.0,0/0,0/0
pi656024,3.55,0/0,./.
pi656026,1.775,0/0,./.
pi656027,0.0,0/0,0/0
pi656028,0.0,0/0,./.
pi656029,0.0,0/0,./.
pi656030,0.0,0/0,0/0
pi656031,1.775,0/0,./.
pi656032,0.0,0/0,./.
pi656033,0.0,0/0,./.
pi656034,0.0,0/0,0/0
pi656035,3.55,0/0,0/0
pi656036,0.0,0/0,./.
pi656037,0.0,0/0,./.
pi656038,3.55,0/0,./.
pi656039,0.0,0/0,0/0
pi656040,1.775,0/0,./.
pi656041,1.775,./.,0/0
pi656042,0.0,0/0,./.
pi656044,0.0,0/0,./.
pi656046,0.0,./.,./.
pi656047,0.0,./.,./.
pi656048,0.0,0/0,0/0
pi656049,0.0,0/0,./.
pi656050,0.0,0/0,0/0
pi656051,0.0,0/0,0/0
pi656052,3.55,0/0,./.
pi656053,0.0,0/0,0/0
pi656055,0.0,0/0,0/0
pi656056,0.645454545,0/0,0/0
pi656057,0.0,0/0,0/0
pi656058,3.55,0/0,./.
pi656059,4.1,0/0,0/0
pi656060,1.775,0/0,0/0
pi656061,0.0,0/0,./.
pi656062,0.0,0/0,./.
pi656065,0.0,./.,./.
pi656068,1.775,0/0,./.
pi656069,1.775,0/0,0/0
pi656070,0.0,0/0,./.
pi656071,0.0,0/0,0/0
pi656074,0.0,0/0,0/0
pi656075,0.0,0/0,./.
pi656076,0.0,0/0,0/0
pi656077,0.0,0/0,./.
pi656078,0.0,1/1,0/0
pi656079,0.0,0/0,./.
pi656080,0.0,0/0,./.
pi656082,4.0,0/0,0/0
pi656083,0.0,0/0,./.
pi656085,0.0,0/0,0/0
pi656086,0.0,./.,0/0
pi656087,3.55,0/0,./.
pi656088,8.4,0/0,./.
pi656089,1.775,0/0,0/0
pi656090,0.0,0/0,./.
pi656091,3.75,0/0,./.
pi656092,0.0,0/0,0/0
pi656093,0.0,0/0,0/0
pi656094,3.55,0/0,0/0
pi656095,0.0,0/0,0/0
pi656096,0.0,0/0,./.
pi656099,0.0,0/0,./.
pi656100,0.0,0/0,0/0
pi656101,0.0,0/0,./.
pi656102,0.0,0/0,./.
pi656103,0.0,0/0,0/0
pi656104,0.0,0/0,./.
pi656105,0.0,0/0,./.
pi656106,0.0,0/0,0/0
pi656107,0.0,0/0,./.
pi656108,0.0,0/0,0/0
pi656109,0.0,./.,./.
pi656110,1.775,0/0,./.
pi656111,3.55,0/0,./.
pi656112,5.375,0/0,0/0
pi656113,0.0,0/0,0/0
pi656114,0.0,0/0,./.
pi656115,0.0,1/1,0/0
pi656116,0.0,0/0,0/0
pi656118,0.0,0/0,0/0
pi656119,0.0,0/0,0/0
pi656121,1.775,0/0,0/0
pi659691,0.0,0/0,0/0
pi659695,0.0,0/0,0/0
pi659696,0.0,0/0,1/1
pi659753,0.0,0/0,0/0
